{"cameraMode":{"drawMode":0,"name":"Shaded","section":"Shading Mode"},"sceneLighting":true,"audioPlay":false,"sceneViewState":{"showFog":true,"showMaterialUpdate":false,"showSkybox":true,"showFlares":true,"showImageEffects":true,"showParticleSystems":true,"showVisualEffectGraphs":true,"m_FxEnabled":true},"in2DMode":false,"pivot":{"x":-1.008012056350708,"y":8.146950721740723,"z":3.8939476013183595},"rotation":{"x":0.0209973007440567,"y":-0.010497493669390679,"z":0.00022047979291528463,"w":0.9997244477272034},"size":20.182748794555665,"orthographic":false}